id , first , second
234 , W936YD0VKL4K6X9I9464 , ASLX1ZTCRCMDDZQLS1S7
78 , KMZLGV97MBJP44FOS6OK , 9SZUH02F0RS6DR4MKEX0
212 , B2GDJEGCIRM4T4YA587F , BED1BAWFA3E8X62RFU8F
292 , IVYC1Y4QTZA83KX1CALE , UVR9NB0R2XH6R3E2WTLM
10 , N7M97H6WPKN3T5FW48BA , A2IQ3HDLGWDNT2P8KUW3
73 , XEA8CLUNRLH7M1FCC69W , AXJTY45S3CL5UAHINA1K
299 , 5KOJ6NTLH4P2NV74W7D1 , W92MEM7REH7ZBXM4AUSA
35 , 1XL6WIUKWITFMJNAE6I0 , OPNT4TT2EJ6JC4X7JQL7
144 , 5XFKE36EKK8P6Q4KPWL4 , QQJY05XEEZB9C8HQAV2S
137 , B35A65K7GW7NY9INIPMY , NJO3XMLJLPV6K3KV56B3
194 , GZQ5IDDZ4QS03ZG6LJRA , 6OYQPEPM8LERUZHI4INX
282 , 9ETY3DKXL6ZSG84632TB , XNZXMVRMYA94CMTDKHVN
197 , OS4AJHVPSWKMMY5K3AJO , 0AXRVX0QVY4TSWE1PU38
82 , ZQWI24J6AO83LDKHIKCB , 81YCWNEO2OZKG66MQFB0
272 , B94RRPFPW6SNTWQCP8Y6 , 4QR31ALB4X1YYASHL6O6
127 , HWJNWLVGRWTVG6EL4MGK , QENVPYM4YMVXLB2Q2DDN
200 , LSUC4AAB5AGXR283M1RB , Q8S9XKJ2I4F7DPIGDF9F
169 , PTUC5RZ27YEI8K47JJG2 , 6LHQNL0A7YYQC4II3UIE
13 , VYBNGPJ0YRCVWKFEWOIM , OG0HVWNQQ8FKRZ6NOLB5
197 , X45KRZO5297B4AW542VO , WQQID6QS2LH4Q79DM7E4
246 , 62DE4POTVB1BK4DPVVFY , A980JG7SNNDY9MS6LV3X
147 , 2XKXHZZ24560I0BY2BTC , 3T4VRU86DLLN8HEZZ7CV
110 , RV1WFIKHK5985T4EA1AD , KLYVYMHXLKEF75O2ZMLZ
121 , ZMY03SKTDQW58WAXG8AT , LAY7C1K30JJXZ6XKTU2V
129 , OYT96SGEE7JE9LKY09E1 , Z36HE19Z22FCJZDD2K8Y
104 , 41RB1QREXMP4R2SYSV8R , P1R1MZK0F5IWUVK9UQ94
82 , 1KB7XY49Q0RXNT939EL7 , 4S7OAPXDWDAPJ51JBYKO
13 , ZI1DPE85968UGUW4BO8F , IRSM9Y8NF1TA4EJNK7ZL
63 , PP1ZCLMKA1L1B94R29E0 , 0S5Q0T4CCVNN4PE7HPXH
139 , IKAKHOHLHBX52ZEBRYP8 , WUI64K87C1S49BT5EH58
251 , UEWTZ2N9OL243E4DEL11 , FDZ5SIPN4OONQW99M4NP
118 , 3B7OBKV9EWJANZCYKEK5 , OEYREQC4CKU3A8SUQ2KJ
47 , P4Z4BIVAAPBCVK8FRAOA , SF806KNQLBNA8RPW5O6F
199 , IU7X7LEHRKR0RURGT51Y , OTAWFZ17N75WZFJ386YV
126 , VJNZ66SVEBQH8WPIRS36 , ZBJHBOYLM7EZ1QXI4SKW
6 , S0XE4BNEUE6EKMUW1XPK , 98OJJXDZUQD6ND5Z8MLW
287 , NB5ZP87P4WTEAYF6RKLF , 158IFS6QGSWTX3O49L22
115 , OYD433R2BRQVOY199BP1 , UPSRJY54JIEUAQI38RV6
231 , XLNFYVIYYOIDRMTO6Z3V , 0TPO94Y77AAWGJBXVRQE
19 , CTJ2PXPB8ZBQZEZKD0XK , 14JAVQ6AZ10NPEZTWIXU
104 , 4E3KT7P9ZCQMY9SJJONZ , ZG6QZTM8TF9ORC817Q1C
120 , 5SKW8F04H2C0FEFJV6CQ , LMMOLLKIZ8TPZCRCI99H
146 , E0XBKW6C5C0WNT09C5R7 , XI5FVQDF3NFA6849LUK6
292 , MB8Q9A62S4KY4H77CSGD , DFFPPAMF9V8XUR0SRTFJ
78 , TFCUWGYTPQKVACGZ7WHZ , 5C1IQ03DVTJ801Z221QR
129 , 9B18VG9CBPK1ZZCSTUJS , 7IT5IW8BK1NCZTP0GRI7
163 , 4HI3E30P6UPFQ6QPNF1J , 9LAYC05U20P246YP35JI
47 , VSCQHBD04S35PMC4Y7G5 , YCJ1DF6ZHWDA3GSA9VNS
186 , IJE4AK8ZLXBQV5Y7X74I , DKB3QAAW232JC6RH42ZQ
137 , KEEXIPKI4AS7C8ZD2G8A , 1JCPHBXNSOEMTLRZ956C
56 , EPRQ35OP8UJ3LGRP3AM9 , R2MWAKL142P8OEZLGVZV
12 , JRCRJY6GE48H0DWWEUMY , PYG3V4860SMU8U4MRHZP
97 , NTSHNM9PVOPKMM3QSTAP , BMD1GUUR5TGDN1DISWXK
14 , EHCAK4EZN98MUZD8IZUG , MN8JPBA2YCJJRUGG700B
106 , IJL8OBIOFI9GCVCFU2BC , EP80HMI6LYXMPX2QPLS8
226 , 23A7QV6GYXOXE649UO12 , DNMB0HI06V1CADW26UP7
288 , U4RJL0JXB4JLFZ3IOGLZ , TQPF7U3WRKBRQLLQ8F2W
76 , NFR37B3UPBH33WIDJ72W , 0PISQ2YP59I7WVTJN9HW
226 , 2C60HW2DLSSZYYYRE548 , 1UGX9SUY6UVOMVJYFR59
37 , YXXMMRAIPRVAG93DDXNB , 8HB8EPUUXY3NZVTIMHQI
145 , 8IVHFS3PZWVRLODFCI4E , EST94QV6V0RIVQKUDQU8
289 , NKLRW51N8DDPJ4IH1EUP , OQ0GXFTU365SBOH3Z5AN
282 , X1SCCD65QZT4PAG73ZXF , N0D1BAQM4MCP0OVPA64Z
193 , KZ77FBZM9HBWB08BDAL1 , ULZX65ZZNO5XFTJCH30J
73 , 7Q2DS5OZ50M2LBSVVW8V , PX15MXF4608S4O79NF6R
95 , TRX1GBI6SN3LYS772RJI , 2VKR5690U1CSFNAYLIUH
219 , 5Z70JZJWM9OQXMWSRSD5 , TYH0FY5M8NKIIRRBN97M
232 , D8QJA3GT91Q6OPRUDBZ2 , Z79HDD80I685R2Z8VXM1
85 , I98VUPFXV829EQD209RE , A2R5YF38J3143W9JK0KG
218 , YGMZ36Z3BSZTHR9I23B9 , TGAD40GQHDEXY44SUEU5
156 , LOV45K0YJZON0XXHBAMP , 86832VAK6BI28RG6Y9IJ
251 , HISZAPCCZXJ7NOG00E28 , 0MXBMOWNYWDYUBAQHU01
104 , LF46NWN9UD9ZN0OA5892 , D0P9GHP1R2J9TCKM66UG
161 , K8L7P60F1340PTYIUE67 , 86ZK36RYJ7VSR4Y9SU1B
204 , NY2G2EBQM2WST0HTKHGV , 5S93XZUJWUVD5L32EM9G
149 , OLHZV1UVV0G24LMH0N59 , IQUHD04EMOUCGVUZLZCT
102 , KPPO43NOZJMF1NZRIUX5 , YWE0UWJDPFTZUBG177OI
110 , CW4VTGTJULGVLVNHR7W7 , MJJSD3LJ0AB7WRQTG27Q
254 , ICB7R2DIZ2TPJ8AFR7WZ , W94KU9LYX3SAJDAESYXZ
68 , MDC3FOOWJ3QZBC9Z699D , ZS6D2Z7CJZYABY1AJZMR
95 , B0WO2WU1XX8OLRP91AI7 , R9GDJNWCR6SMEVU3700M
251 , 5HRDNEZJAS0WOD21AR1W , 81GVJW49QB1KNPR5NY83
296 , 9KQC1ZD1X66S9PQZMOV7 , UKGG2506LB4U87JOP1YP
44 , YP5KYSTTR57TU8RD491T , 4PZWLSMVISP05HA572DB
239 , BPAKSMV4IFCOAA7TI3ER , I3UQGYJT6AVO2BUYT83M
279 , 9QYG54NIQIDDF1554MMS , N6P0G0QW91IPLE4OYC69
236 , 5EDU0WK3PEY5DMED399M , ZQ395A64I6W3FOF5MNEE
95 , DGSPRV2HDRWFGB4WBOUU , AAVDTDEYCFWIY17QJP56
42 , O2OXBB74L01Z0RTE0CNA , JWPPJW4GHRIHV1C3LEP6
0 , L295HQLQ4TICVAC0I0GC , AWY7E03EN3CY6DSXNQXL
195 , Z7CV75RWM92W1VW00YV1 , N46NQM4NZLYP8E47YXJF
255 , FX4P571GWYZZC00TJEX0 , Q7QDV6BWZWZS7MY6SK85
89 , KUM4Z4OHE3T8SW3T3F6P , UVW67YR058F229ZALI97
180 , KD382D0MRVDON3W2Q221 , 10LEWQI3W565WAJEMO0A
2 , XAGKYCSQOS574JVC13CN , IVWMS4MEHW06F9UJ5ZQ6
87 , PQWOGV4VWW7U72JP1H0L , TGL8UATZSOUJXIARASOU
183 , F37MZTV3OKDVS53CMKWB , ODX1DWDM2WQCNMIEPFX2
53 , YOFGNDLKT38GHLHBP585 , U6M5V6SG7Z43C396KCDQ
105 , LT1HYALMVBOSKX6KK19D , MXGY1RRE8G35NQYD7JT1
293 , UZCW5JK5OL9NNTVC45TL , 716AKBJ18NB7TGUY9SKT
